yr to habitable,yr to life,yr to complex,yr intelligence,yr culture,yr tech,tech lifespan,mass extinction,yr star life,life?
2378259787,889876017,1118765195,246020204,22762621,257836,3635,3306585964,0,0
2187821787,768592064,964512295,201748700,16396953,164883,285,4002668553,10236505583,0
1976958078,1067660000,1235726273,180901692,22284183,238560,2241,3353068952,0,0
1575547258,1111069858,721535584,184220193,13133344,227456,23,3339816443,0,0
1633216690,1189378734,884455993,223672555,20437092,216467,2169,3100874422,0,0
1867878771,1048191977,927317818,187260515,19274955,198283,150,3988251442,0,0
1781232986,913700495,1205761101,143534668,22325724,195962,2422,4524681045,79294901247,1
2322584096,1067988748,987576790,194493558,21101775,194200,4554,4050405950,116483642200,0
2578665298,1119420367,1213573055,185807414,20498024,244216,1866,3559968326,0,0
2388180787,812259884,1011580381,190612233,23047853,187969,1994,3668001905,0,0
2200538160,998645208,1134975406,150441289,19397937,137585,2189,3391832931,0,0
2005703755,812455818,1000571184,180287494,15064378,225759,224,3221419908,0,0
2148020611,1485127260,1007709929,238734074,14432002,109042,143,3483936196,0,0
1587953118,945128579,919062970,217742541,22780390,217956,387,4016600783,0,0
2478660362,1099728039,989523663,188513929,17994809,224605,1538,4478748872,0,0
2659519611,906993009,633394399,114418581,17148990,198020,6912,3468710239,0,0
2315323618,1242481370,1129571773,223469454,21893880,214122,998,4115787126,0,0
2739607236,1103439712,877641011,122045296,22155926,220337,778,2135028365,0,0
1081668531,874864984,854121256,224640287,16369305,248513,5044,3893994943,0,0
1797662416,1000899538,1029590226,191791075,22494490,238536,10448,4413870874,9226050237,1
2164444677,1119755872,1019443412,210273383,18299219,148068,2749,4646225576,0,0
1074896511,874956357,1272008842,134616073,18854357,241327,1006,3710148949,0,0
2428521561,1019066869,783111594,188677334,19360753,243431,178,3098510261,9925829119,0
1461350054,766350662,1211426611,245662983,17922478,160745,3071,4157311448,0,0
1861539300,1368321482,1227963750,181849259,23675142,160835,3285,2471311037,0,0
1945110849,986335768,1180977723,181829617,19581496,241503,155,3414962997,0,0
1657058286,1013058535,1278794385,170251446,12654543,119272,1348,2963180954,0,0
2083554856,1108496644,1315293933,133973174,24105142,215556,234,3866856272,0,0
1329737642,1228697255,883869561,269729216,19343959,212376,140,4733889307,0,0
1436609305,811352775,728861590,216515497,25521172,212499,349,4190552086,0,0
2390956374,1144110834,760533937,217415551,21551798,200550,20,3210097349,0,0
2478456974,937938945,1019401899,207586686,20527183,170326,1472,4043669710,0,0
2585375804,913899565,943760309,232787800,21457360,234073,23935,4145470794,0,0
2575045813,884593058,918571293,238392019,21070794,139378,458,3241455074,0,0
1801959653,920106788,815661408,251960807,20723620,229667,9,3621565803,0,0
1693796675,1265648828,990538842,119745611,18967226,199902,518,3933878148,0,0
1754733010,1288607086,865954905,165079487,19967445,251319,748,4273565725,114681883382,1
1857067600,950871090,1085064845,222934979,14152453,179422,0,3099762966,0,0
1789007162,1386399062,937189174,262450436,16073165,222150,954,3123600577,0,0
1687395175,952234153,789381640,192679750,17573212,229234,317,3743681955,0,0
2292157979,848545961,981390749,168608523,24017836,245430,10720,4322759044,76331925074,1
1955301139,750253140,987788241,184737988,23069727,204935,1086,3934337347,71495319258,1
2480401598,1113385022,1198306175,180674881,29972341,244114,3979,3027421140,0,0
1925729935,907209160,1012853649,183526128,23009568,171533,4,4121008858,0,0
2263189021,1197562567,989517412,210620187,21794396,165046,296,4070997840,0,0
2796561309,892801594,822475982,115653558,22363073,103875,13346,3794196166,0,0
2251117126,1358493453,939734982,207820510,25406234,312313,3228,3641227309,0,0
2248443544,1187903928,1157657075,187530024,22674709,241946,2,4211589996,0,0
2843596855,659329316,548612976,275667593,13620699,178011,58,4488920462,0,0
1342411971,724921219,1167034978,206978334,22971603,218333,753,3779365699,0,0
826901224,1048772916,1239507986,182139683,18135443,201341,27,3797181810,0,0
1979768446,1411956686,1294813666,144833132,12994959,268786,1869,3708085908,8207722769,0
1291225899,869456171,1447147256,192548344,19744728,235777,176,3367355977,102408213738,0
1091928377,1141991591,1243784976,174231334,18758628,134626,68,3821142314,0,0
1557535472,1238050413,761526150,168240551,19821900,201169,586,3970322287,0,0
1950255592,908780748,942631034,211284752,24626155,217081,276,3877134868,0,0
2552620048,1080854997,878467921,195318180,16598618,151189,608,3269820590,0,0
2337537725,952095341,750398448,149488429,21559903,340761,48,3636110658,0,0
1681958171,1099575246,1061282193,169925509,20846334,191471,861,3220463848,0,0
2799702735,1162746809,1126258488,244886101,22138508,264076,24,3350330285,0,0
1730699704,917889004,960737445,288257293,22320654,164696,66,4523691155,0,0
2059529747,1015405942,973166516,198521172,18634699,199464,26,3882632198,0,0
1982134318,1013601314,1100573823,160394122,19518172,132680,63,4944820083,124109039526,1
1574000191,1121826836,1064899447,202752660,16114590,152010,51,4145518247,0,0
1057386381,716135100,1109598729,250661327,23489182,169485,5519,4285179652,90282807919,1
2327516305,1066522960,888405482,186695077,19935751,138079,409,3968934760,0,0
2405401759,1050204031,964487422,225979628,14127593,213853,8876,3421339305,0,0
2176595126,1215381379,1037150376,254901016,12813770,249439,9338,3061943933,117651683911,0
1976274339,1345958106,677236616,223739208,23813144,184297,7250,2918476027,0,0
2225562492,1005987702,843252684,223552612,23196131,232457,256,2220661258,9725957705,0
1363717163,1083325557,717854498,245733531,19327665,244630,2,4091460622,0,0
1552409984,494829813,1407277862,228390056,23431063,217807,22,3926780177,0,0
1100919679,1029926392,1286520997,134981079,21641434,140703,5141,3088544147,0,0
1742307947,913412073,1150362751,172663584,13748966,155436,7642,3055067553,0,0
2849915407,935322763,870755911,222159548,20234016,195627,869,3415030517,0,0
2370764869,1319240212,1202946009,235188426,25598105,199353,18591,4059865080,0,0
1446809594,888387550,1074728662,223555629,22010702,210301,36425,3455054638,0,0
2120996880,1202207339,995315318,230212496,18032943,217313,2047,3054442639,86806176274,0
2106450088,832018850,1145408340,210160786,17272507,107948,21,3361071222,0,0
1703067883,772196893,998041259,220012462,18621696,195127,56,4187816410,0,0
1784456302,1069040805,846189481,181902701,18989458,181236,4345,3358361819,5047254968,0
1941655210,797560771,848139802,147078621,22235844,169239,568,3321920637,65411038066,0
1810372158,916879498,1220049480,198499099,24086049,230426,1303,4557932752,0,0
2369935720,1312445029,888895000,208008700,20305564,150428,2251,3877077718,0,0
1915365471,768945333,763503675,195638591,22394635,186299,278,3886564295,0,0
1901330874,589185003,975660713,190232363,16455639,207432,546,3450823134,94617404475,0
1266351062,769188052,1090726059,225662527,23525398,310913,357,4521533099,8122299777,1
1446359561,1118197125,938041441,147599553,23887689,248896,303,3443832374,0,0
1750057154,1470181251,926588633,203577928,19992151,131739,277,3536357137,0,0
1474570598,1188124652,1320692204,193249874,16864299,220034,60,4054764157,92123434348,0
2053643065,956021769,1051481450,209452739,24733624,265824,1197,4451118327,0,0
2609253708,1142024509,1685535122,212000290,16931459,117913,111,3441989531,0,0
2052200000,804184855,915348553,210187934,24850958,307198,15499,4184663349,0,0
2224583274,851780288,877101359,166083739,21367137,189973,11,3823625479,56318332036,0
1695540657,1449238851,984133815,212226788,24736076,233773,8765,3365063964,0,0
2458768104,677114290,976438748,242264941,21416244,193936,3809,3858252267,0,0
2217104816,1323176021,654949113,217838254,16887828,196491,456,3451345842,0,0
1902380969,1198707352,875939065,272245471,11939651,237115,708,3085134033,0,0
2106410085,1240324885,749131488,167247119,13466853,223498,621,3848956554,0,0
1620166886,734646569,873825385,112818010,24396969,180383,210,3754141083,0,0
2091263668,1078454731,1335808404,217959865,14842793,211656,5697,3432084351,112421343506,0
2259250467,1087432865,981285266,266951286,19689266,187345,610,4638620572,0,0
2141469553,1070140881,1227440762,223672177,18596813,222077,296,4092011827,116576954958,0
2058556867,917367268,987038448,197738020,22676678,220098,0,3632283566,0,0
2544696783,1360745739,1371728113,198205365,18919022,199432,9859,3817777275,110614350182,0
1600221167,965269671,979207568,172446405,27169258,160406,114,3950255650,0,0
1824452582,1166508983,1208040657,192085798,24909912,240989,34,4629439011,0,0
2115181129,857705163,935273401,155852756,22773557,191921,44,3390385792,0,0
1644687211,901231738,1138363458,180040414,17421235,229604,1522,4188609061,0,0
1890098002,1044259770,805089131,203247891,17578753,234134,50,3678768728,0,0
2028950274,1114808090,679668367,199557420,18951098,155909,398,3290782022,0,0
1712583351,683070666,1007620360,170530127,20263648,242270,1124,3688369872,0,0
1839543804,1061057983,1280330118,222265300,20806394,303549,1338,3741585869,0,0
1299036750,811080321,955349289,217345092,18852669,204269,6,3702032294,0,0
1780455478,698126374,1027158746,199873822,19759669,184438,289,4020648978,0,0
1985869202,1219504956,1316607942,150793954,20255968,197753,7906,3482520728,0,0
1172483544,772579175,946414669,174080055,19544945,215639,57,4364003825,0,0
2537409880,974159265,965183787,169501909,17358929,248904,336,4545392694,0,0
1850853052,1106280085,912282642,135151625,23321468,206484,0,4273199257,0,0
1698050054,1010576951,1101216958,277423899,22837819,198921,3703,4255680681,0,0
1577459600,1212829864,1182379007,181080945,19256073,212003,1,2521916596,0,0
1486376556,959404845,1112323803,165178633,16691942,163478,6773,3832565010,0,0
1310639323,665283289,1361451321,170960268,11199061,191188,1896,3817760592,0,0
1861717812,1164873769,1257880255,247164278,22773445,217606,148,4099671721,0,0
1989410329,1068076772,920057673,291885230,21846703,218609,821,3554832942,0,0
2193935845,919507472,1223289815,194562505,12529293,139928,126,3268763565,0,0
2126920664,1260151695,885384253,143273686,10981639,271745,649,4023201540,0,0
2484602421,1166706380,790805969,184055796,20447079,167019,158,4967532589,0,0
1595802686,805128569,532630147,191210055,25658586,184495,100,3935313704,0,0
2314530340,1274004383,907824763,143164842,18926461,265330,4609,3878771478,0,0
2380473248,1109957538,1004067062,175955601,16810945,144332,65,3613183944,0,0
1573048253,865485173,790446766,187978401,22475182,194213,1349,3060103908,0,0
2207950019,967596379,980133537,252619983,24011548,209432,23,3702078233,0,0
1863707474,868500829,1225032667,182097797,20968415,231492,69,3169777281,0,0
2456843001,840671465,939647250,137417087,18064551,206407,388,3493211593,0,0
2422256325,994545766,1375002959,205927654,26664856,164478,234,4042783469,50908334711,0
1395375555,1082801971,618986024,287721317,27698786,185559,101,3535174078,0,0
1892473147,1302453795,773714533,189529098,18304308,235056,1517,3800752250,0,0
2314081578,832179892,1129706027,273221682,23994787,201021,2355,3441530147,0,0
1270930814,992903342,932730803,197103050,14616573,264949,1178,3792703019,127244594453,1
2569151616,869618636,760598102,262311456,21484638,217110,270,3961876676,0,0
1899770090,950157486,1084181649,271943977,14161958,165692,448,3423272939,0,0
1982971330,1156878269,1277690609,332975856,23456459,237850,10145,4279761582,103903174297,0
2229747743,1345975074,1129614290,195193929,24384499,173843,1032,3732260600,0,0
1694409063,941636769,908314956,183982847,18196207,158739,217,3624469795,0,0
1550776915,1288700056,1093344366,163644218,23092981,233142,237,2797401465,0,0
1434987123,1392729253,1324324842,169186153,19310430,167413,957,4051093198,99402231800,0
2264982831,992475936,1029846113,223867084,15715576,172988,981,3873188907,0,0
2105338068,1049738686,715568786,212687031,26768922,200494,1585,3650910429,0,0
1870167881,1078441428,1320858160,127693028,20494347,301630,1768,3566455185,0,0
1640496771,859561726,1036842933,143156421,19615022,172704,6654,2106802545,0,0
1614878923,1217947831,1287495794,162341310,21548353,103837,3935,3062830845,0,0
2198500835,1196865128,894294604,221458355,21161972,186027,0,2895228839,4804189773,0
1591383585,695665017,1099249241,197129484,19880056,226975,198,2619111519,0,0
1664231570,548312308,1028255091,171221899,20402818,199480,3470,4536948472,0,0
1921395962,1061967265,832638172,258157208,23428878,229560,15,4010230586,0,0
1763228345,1239906107,1016506342,161419694,15578977,197292,821,4694950697,0,0
1688281042,941560497,1025805621,149888783,24946364,137441,106,4047211331,100343662314,1
2973266696,1215364051,757843859,204969435,16611311,234853,5753,4168515783,0,0
3005580313,1116413945,592286776,116559505,14493612,205936,5478,3888385180,0,0
2051549755,734748715,1076728173,258868736,17814118,222559,5275,3595174522,0,0
1737287114,1496353654,890069144,245119862,12826315,168228,343,3481843216,0,0
2375425483,1110495595,1221604143,196664562,19101226,118733,1142,3690505176,0,0
1480884239,1170918987,880952334,123371272,17842593,232039,153,3755738452,89944692094,1
1836398789,952736948,789747938,210833869,24889051,207933,2043,2944913633,0,0
2392512210,912623000,1018221078,171323015,15662440,200075,178,4406714103,0,0
2355148269,1082823071,1108237021,78344696,23100109,222034,3114,3584718926,0,0
1722832308,703001255,875151490,129137093,16445210,195337,4138,3832491488,0,0
1834923745,1087570194,978035095,160107947,17131841,244327,1181,3263345940,0,0
2359043056,1230131714,980250793,160612986,21347075,225737,5754,3926612113,0,0
1140046194,1202112630,1198760427,238714029,13020179,149426,0,4042790969,0,0
1690402811,760004849,1316003610,188940425,22487846,149449,46,4493198629,0,0
1797424206,701497256,1212446398,234906996,20522125,212621,3727,4211254472,0,0
2339574910,819247132,887228669,234512280,21213184,198424,0,3764457385,0,0
2290241620,1022332763,1019055573,231928511,22838971,122309,90,4516572508,0,0
2162058981,1072794986,728858728,128962361,22878792,172614,66,3654534161,0,0
1358223085,983540600,1074878841,241863556,23900136,165645,3637,3537810901,0,0
1260963246,822975691,686686596,193890996,21390477,209796,176,4432360819,78466460279,1
2151025394,714753281,1005212593,229079350,21830951,167767,276,4123669203,0,0
1739729252,840216128,910850182,235361044,21726764,208290,974,4248217526,0,0
2740589930,933436533,606966926,197380904,15505673,182365,0,4197785731,0,0
994726522,920900870,1053524089,234906071,24190969,211503,5145,3427426842,0,0
2103948962,749288562,1119643885,276215854,17473965,228542,17860,3839111524,0,0
1776647035,1065817201,902932478,233791277,27280015,250238,1144,2949099681,0,0
2162832350,539770006,1071551134,193547259,24945583,123764,5004,3591263490,0,0
2922597960,1056755205,1172136264,206423269,16266234,244152,1,3292082450,0,0
2236100306,1014224639,1253574980,181081425,19512374,189839,28,3316886371,0,0
2143944900,1542122059,1013649593,183307617,18090623,209716,109,3699396892,0,0
1776156997,906702993,1168451336,200168903,25249409,142656,504,2855905145,0,0
2456469952,976233927,920927047,169280701,16006637,250199,19,4545189931,0,0
1922211627,966698112,791698010,173780584,14462602,157909,19,3960101364,0,0
1271529327,912857053,1030207768,178990484,22022756,182719,785,4128903703,0,0
1665875811,1152750949,1222409868,259611649,21736785,227230,4,4764120913,0,0
2207248860,1008988715,925325680,212553278,24067881,206390,64,3901572480,0,0
1733316263,909911760,981244347,236087356,24302954,156429,1684,4591457505,0,0
1508627552,1078002685,1054397299,123218728,19930389,264960,1124,3346299577,0,0
3274139521,1194494058,1192230936,166049154,17857274,254371,908,3102896757,0,0
2012913615,1414342842,1301649251,206219795,23495593,230442,608,3656912780,0,0
1372089462,1354528142,969227012,201364807,16100186,192011,1,4340457759,0,0
1956769597,1346156838,939364134,151757482,19516933,146405,225,3708647174,45500649306,0
2490267824,1233098506,1020538008,157281189,28134819,195283,29,4015122909,0,0
2506884008,1368224419,1097764518,236899539,19286134,260764,4688,4434311769,0,0
1817999925,1020851019,1044186965,237335661,25125137,265851,1321,3668452412,0,0
2110099069,711460691,910996712,241267311,26698273,262546,1911,4534661825,0,0
1793945511,1091236111,985281138,224837840,22845821,239112,466,2917313568,0,0
2492423984,1007509422,1016217430,187744029,18578225,223947,10045,3556554436,0,0
1911298753,671976407,986342097,199284850,23384828,248181,2281,3394584756,0,0
1881610451,1128637625,830914074,212862919,22134963,215554,368,3975643194,0,0
1631728495,1218587468,868513550,208066196,20803269,187579,4937,3444350466,0,0
2774574138,765671666,922100742,292773783,23609484,228902,114,4050069826,13798484383,0
2492120518,1204503228,1266640219,206328202,24082132,162158,7466,3554300038,0,0
1887279739,1229177677,1139414914,261544609,22678330,194445,10,3339011329,0,0
1646145443,1038206570,1332801209,207875874,15617405,155986,38,3361351351,0,0
2221904055,865869797,709824752,257842011,26990978,201844,124,2417830665,0,0
1795697305,775875675,1064974718,212667975,20112112,196110,1274,2897417567,0,0
2297813971,624219970,1107527648,257357478,25693865,247803,0,4076565074,0,0
2158372192,890037240,1061702323,130937058,19374140,222130,1592,3539934435,0,0
1962488570,957234356,1125924661,187641634,18923275,175725,130,4117191682,0,0
1377714877,1158391379,1270546642,230666841,22351798,159955,1003,3407342225,10025629937,0
1758883394,951161958,834921017,222154837,19061565,170816,5,3793961287,0,0
2197755547,1186804918,937308756,244400529,21148846,160949,33,3795771052,0,0
1444681493,906968713,1231766200,182418468,22159035,189683,2510,3777443600,0,0
2697661137,1231489401,1198105522,193942126,24241320,254111,483,3447579501,0,0
2007409311,994356357,868426037,179972436,22922058,110049,78,3533807448,0,0
2175955278,997375241,998421778,249614940,17982013,205710,16,3539017529,0,0
2062841670,1113294224,689814992,183967797,23437623,153010,358,4110062816,0,0
1398446499,905541623,1183738045,166509553,13368532,194819,600,3156106387,0,0
2031329884,945519855,671873249,167508932,23897025,144953,8358,3993330797,0,0
2267745993,892923379,1090988891,149744122,23034955,191459,2264,2925037787,0,0
1964069285,1284788118,1107271290,199174417,16934870,190912,9421,3927079926,0,0
1757406726,733736148,1012984855,180217777,11044142,162852,1005,4065564544,0,0
2366396191,1117545023,616713574,214485152,24267992,183041,371,4148724410,70261848458,0
2883471562,1047725690,1230740122,248603035,24832019,40191,207,3739803524,0,0
2480642546,789568813,854166889,172130832,17158989,158483,5395,3664416184,0,0
2149276270,1096307312,1117578571,210926069,14252057,251548,0,4092153488,0,0
1952084308,1075229773,1172265351,137766558,18995053,154019,99,3735163470,0,0
2376972505,1106889214,1318819890,197557119,23637187,243569,311,4303227753,0,0
1603552537,1101523018,1292814883,193597327,20209044,169383,3023,3116840965,0,0
1955910297,1116048370,1402034355,161039213,15466267,202926,123,4923554841,0,0
2171458099,1181151775,1404097987,199660933,25693055,166895,1364,4239469124,93314870733,0
1644631841,1357186351,1090830986,159104711,23182763,218799,190,4429921938,0,0
1734652163,1090796939,1540214049,132397494,14417138,245316,31160,3705291712,7236195416,0
1008077317,979242703,901808437,232799792,13571099,205892,5,3356029727,102606218069,1
1719018387,1098652677,1049613072,248241164,18391365,250405,0,4080070412,0,0
1780465318,1325079754,1285479153,255809319,18666583,224066,324,3697146864,0,0
1777130204,953242145,1508749320,249557840,21241098,201614,3318,3777970399,0,0
2561984656,1464046806,1039276833,203551028,20389908,142203,1476,3970634025,0,0
1360312612,1080039925,1107292479,134757530,24327866,197987,1635,3365184427,0,0
2111464102,977429370,1207623333,136832391,20709119,198664,285,3519838998,0,0
1949135133,1242385381,1306652401,150519331,16680038,208317,20645,3314917817,0,0
1997634923,1001544750,784061185,134435603,22321438,182694,782,3919808092,0,0
2161103819,951919529,1197604908,215301062,12249729,169939,15450,3563455801,0,0
1955127071,732422679,977095893,142509523,26817784,215120,1428,3709938528,0,0
963728703,1213297755,1116507931,205617247,25101282,178520,32,4252523495,0,0
2643774692,998094588,1064686228,190655364,16498763,172352,52,4008612415,0,0
2152359539,986916938,1329100716,168711274,17052682,201121,10506,4480053023,0,0
1283686637,1263383810,859650451,219957013,16355008,161898,20,3398397347,0,0
2346395284,1239599681,1026482715,170507870,25075376,190716,240,5196704730,0,0
2309432660,775990663,924869483,173938697,16577715,246851,5296,3995400207,0,0
1538331520,979047161,897954900,170798904,22209976,213919,801,3393058816,120924816383,0
2087770734,1241387724,1329688839,271669298,17983832,191417,8,2991920895,0,0
1804155839,1178098076,1003519194,233223999,14091836,131823,3738,3843203578,0,0
2577499796,975317130,1036514482,174171869,23619707,166415,3264,4165484934,0,0
1822326858,1053620298,1094903679,230195956,10240487,219051,1213,4527034571,0,0
1715584235,778348992,1115730144,150987353,14710599,144225,585,3877413042,5283284004,1
1822352166,1279315487,1292918203,217639524,20477320,161291,1810,3538702318,0,0
1882638534,1082233096,1132173835,215646127,21088103,187425,215,3345183613,0,0
2012534664,1224175261,1299276039,147145763,16419383,164724,3702,3663382577,0,0
1115365632,546544121,1402358677,93672544,20717818,216521,7638,3461312619,105768073767,1
1916317863,881871445,1305429116,213151076,12725415,162989,650,2542346887,0,0
1942469795,1583810774,1446917242,254828198,22594405,142502,206,4037057085,0,0
1512050329,765406136,1031184981,202939233,24222110,126216,51,4619932825,9331119272,1
2150726750,992122287,935992227,200069061,22606150,92092,636,3298716257,0,0
2230935418,1080977710,725742460,169337434,16688619,196914,8,3159626673,0,0
1303929218,691605964,1236951185,163970535,16472852,203705,1105,3475811521,10159111226,1
1690115714,1078320015,725231443,189721122,25941587,223033,6924,3740097014,0,0
1843838089,870728530,859956638,188807384,18711806,278187,0,4495797365,0,0
1556948015,1141642595,1196334575,195232567,18815336,290072,8488,3786306240,0,0
2396162738,1057709602,1206108933,194297412,21106764,219794,1074,3774372391,0,0
2046162819,1346044812,1309505065,172635354,15196084,177414,291,3214785286,0,0
1650869242,1156441652,1274382608,188783713,24882932,169497,5804,3337799645,0,0
2238992182,1151425642,826968953,244436664,15443278,143309,290,3896303360,0,0
1982292549,1248261334,1075744826,270831311,20772890,192250,9385,4320236668,0,0
1534704250,983059125,560020720,203681236,20344905,166693,7556,3813441204,0,0
2170566089,1493143888,731448487,195156295,23742422,180775,160,4618023827,0,0
1258032933,931478401,1292398457,218735822,24310968,179737,8591,3564357329,0,0
1482982508,1217620755,995621881,181072657,23752441,212422,922,3898144909,0,0
2111759310,1422243804,853645361,175031901,27780624,220648,782,3123950651,0,0
2405441501,921551845,893627197,129044325,25414838,142497,82,3103930304,0,0
1481207172,1412183492,841486225,235160971,18661811,181167,102,4143382993,0,0
1789436997,1452186790,834618413,237545243,13988163,227944,12281,4239181023,0,0
1568944289,1138426886,807393469,220293608,21191572,224176,6,3863740576,0,0
2091021517,800812133,979837577,157378378,23253034,184275,1741,3789571232,0,0
2338274307,1062841794,938313764,133472701,22037532,224575,11418,3375734168,0,0
2366653332,881246106,1067242223,135165981,25492919,183304,2442,3737424201,83066291345,0
2063690433,1154680786,1118862723,211582282,20609828,211112,503,3474573543,110716311382,0
2242670637,1087826739,1205001930,119130926,20453227,231662,3975,3790657135,0,0
2108506598,1344662198,1247536740,203900138,15082225,164102,4743,3215335918,0,0
1797866848,1321924932,1082092521,221021365,14011542,202308,937,3752638234,0,0
2099365605,1087789142,764921874,159957364,22857340,181095,335,2871383085,0,0
1964363209,1015122188,802854022,170442566,20650595,209704,0,3753861486,8965998955,0
1708332899,774830244,1205412301,191600887,15971537,195354,274,4190155042,0,0
1489917243,1296183048,1258947489,264873615,20154814,204375,11545,3567876543,0,0
1150700450,1163868405,950154978,160948265,19688294,158499,225,3704014187,0,0
1569036449,914358769,1121032096,188198608,18716155,175694,10,2804765071,0,0
1856929395,1068902509,984074049,240570693,24234762,207964,1,3027539186,0,0
2307415694,799717610,982011679,170343358,18851957,184107,5946,3291471288,10550046666,0
2117902389,962958479,963594838,147355955,19216586,226014,850,3370013580,0,0
1639219028,1305480866,1056646946,221628631,20394725,174244,318,4675196167,0,0
2434169763,1167696972,1144597432,204120750,13889050,214985,20,3054817097,81459845665,0
1783476011,567471641,1239835114,148444140,20002136,196795,0,2544653086,0,0
1982366146,880050656,1078712865,175760348,10756191,194582,17,2593378414,0,0
2590937893,1103295474,932370562,192146863,21148306,181429,41,3905244445,0,0
1843873249,820240364,708995680,133623118,19367777,219259,17,3245361074,0,0
2101336187,894056261,928968071,241986758,23718076,172830,502,3978908089,0,0
2034933928,1102441478,1221781197,266671624,16065129,220016,515,4101741735,0,0
2020569887,1041671787,878212519,209127497,14056388,234597,4836,3130199203,0,0
2268362890,1056622265,1123898221,181293627,18574095,251406,1288,3633031435,0,0
2329986973,805420803,1073295146,162729668,21707030,211832,70,3502677959,0,0
1936332127,911334617,952187443,198817563,22608514,181572,15294,3526176079,0,0
1600494058,1030469462,791274285,132587818,19654180,185234,193,3339914244,0,0
2674909756,1132767989,1174227584,180074540,26403600,194040,317,3816282434,0,0
1739240476,748715379,760163723,148629609,17974856,195088,277,4192048296,14023041426,1
1903910464,1059576046,806622968,293705938,20887851,192888,9,3268020137,0,0
1795454929,1161199525,1321542278,194370515,22402205,281789,69,3641484726,0,0
1978782961,402479545,877753011,190118481,17616003,162964,44,3631990994,0,0
2042495365,856084334,1239828092,169570382,17994478,188129,1253,3309280103,0,0
2070114766,1115324092,1340340580,82013560,19181648,225563,1570,4292980609,0,0
2204303576,1084153850,976703803,170435338,23526443,220215,688,3651156443,82298669714,0
1183614661,835033201,1001655089,160070678,22414508,118894,4084,3272909638,0,0
1760168242,879884414,748004415,248628489,21004490,199974,4361,3545971653,0,0
1510223014,1014331497,1148891005,138743144,21586901,188110,257,2760985449,0,0
1920820662,946500294,1018084749,207267730,21318413,252590,71,4219809509,0,0
2372923761,1011822029,1033844231,248827570,19964348,206175,1724,2814797888,0,0
2070063710,1197778854,729118738,154437878,16918083,201649,573,3286340019,0,0
1596174313,951077224,989831576,158517376,20886481,247509,5261,3481286974,0,0
2193424391,977114952,1016364244,262243875,21803518,209015,343,3771251602,0,0
2257419503,978023973,1272785916,212601190,19823366,183481,16,3564430199,0,0
2542235289,1086911783,1043410764,180306044,21006390,154868,9,3953974309,0,0
2081833632,1142391245,950488231,216270331,15058982,175045,337,4236766124,0,0
2341528748,1270191957,936909054,246750165,16662751,270678,21299,3883339706,5493867509,0
2189311574,1066400153,1000299344,162565141,19784162,181954,101,3794504914,0,0
1617560954,1068384106,968305054,215758761,19911388,230126,3821,4151078985,0,0
1555033626,1088008443,982334951,250070761,19242239,122978,205,3486700842,0,0
2595257749,993225592,915180341,204303504,22808137,329478,7379,3672002979,86568971977,0
1919712083,789091325,1066260717,195405094,21325606,198448,535,3574293041,0,0
1281157267,1265663469,882598881,171774383,18056212,138860,854,3450649222,0,0
1711132573,1172906391,1118070732,195397906,19926923,276008,561,3942035033,0,0
2477309268,1071496004,1060128824,200646620,21603178,247010,3529,3831627716,0,0
1745525446,1295168871,1207914412,176468879,14530498,231914,2366,3549840058,0,0
2243218890,1185439234,706974729,131389939,21838560,171212,85,3517226525,0,0
1779528229,651135683,1201564559,157844304,20441981,225552,57,4231645487,0,0
2215394007,856008630,1245367779,71698475,23795158,197490,6691,4214596229,0,0
2079731670,747153881,1005740079,188187687,17501111,245375,152,2401410848,0,0
1936832897,1260770234,1100391725,260065002,20335193,154966,3407,3789191042,0,0
1774396873,692154665,580883176,175127668,24616371,211602,4913,4331219490,0,0
2186156132,739206575,1106442614,160588520,16735570,229191,0,3682206964,0,0
2072536181,752746489,1054337970,226552004,18711117,208307,16,2750209902,0,0
2295788591,1174112293,1423653651,148752019,29071450,202728,526,3750552603,0,0
2000437227,1059935820,860392509,252178921,28232605,173814,4,3826800577,0,0
1595640597,1331476367,1156115461,177333632,18996618,207464,264,3494405370,0,0
2078095493,1227112949,685644460,173024279,13185408,148754,1903,4456942050,0,0
2227048667,901278232,826585769,233534352,20656442,223213,170,3820173058,0,0
1976103976,495970238,1108402517,192895968,16055237,202419,97,2595515526,0,0
2094711144,730141015,816635587,241737155,20829995,247610,627,4097651599,0,0
1653834201,1177392513,1213747245,268694416,18212443,175709,3290,4308403720,0,0
2028576161,869681641,1392348941,212040388,14422810,278138,498,3713842373,0,0
2174239982,960816363,1090096365,233366171,17984771,229641,0,3303835730,0,0
2188314355,957672108,1056228450,231155256,17411216,225474,5204,4250925152,0,0
1874890629,895940017,1196622423,218699779,28679477,231645,862,3061375157,116951978055,0
2524358430,884614187,544018441,173173601,22996712,215230,2431,4388365658,0,0
1930652442,856504006,1044984629,249839831,18646919,188720,5,3539943537,0,0
1976067293,1049721577,1079649930,200723510,8051545,148653,221,3904421697,0,0
1924797873,858088196,686947558,182050666,22416985,160600,7497,2912647147,49203798130,0
634076592,1020208285,1077664843,183189422,14590293,218878,2837,3272376461,0,0
2688534577,869035205,972512021,197109724,15338195,224327,93,3623326920,0,0
2250049312,1212802623,1181079045,204035587,24009347,165142,49,3300749103,0,0
1758259270,668699272,609591981,272309629,23217323,249190,2783,3666961534,0,0
1695367581,1321837865,856783755,109310665,23565192,189695,1513,3701818024,0,0
2326487097,1265808053,1204886598,198523561,20564640,205316,125,4504191604,0,0
1831402561,982129175,978380395,178904243,21099310,224368,810,3447404915,0,0
1293857296,1356548781,794853493,225759785,14493803,201194,73,3931427789,7533306041,1
2637657567,1167425453,1008589676,159293756,21654313,152898,3,3996315660,0,0
2184068818,806545282,1123038871,178200402,22016955,190458,110,3931994780,0,0
2568147895,883969722,849550663,149502041,17819529,187083,464,4417309396,0,0
2573547258,808137962,1441041679,192414840,22304783,263275,26,3699771332,0,0
1998198987,956607861,1102032783,135372455,16858077,210262,0,3685185194,0,0
1502855051,1392110323,1059979184,206720230,19490469,235535,323,3852088451,0,0
1473276996,1167417374,893051342,210903010,19368458,148610,19,3842754577,0,0
2337561474,1042686783,657016106,186043829,13460471,184295,208,3892057459,0,0
1995714971,1099331240,1200034028,209638132,16912000,259526,3142,3311588396,0,0
2321984073,993955175,707058723,145378117,25560170,198659,43,4043351850,0,0
1708624212,1174630313,839849187,236943312,19883483,177104,17610,2881334417,0,0
2478982896,938760261,874869929,220591690,17401015,278758,116,3190061119,0,0
2168835534,735992550,870141626,206862067,17355199,275543,329,3233552265,0,0
2359268452,903309975,668442782,217404001,21709558,270962,6,3466564799,0,0
1780847459,892838197,814078708,196108614,23607534,199281,64,3539967757,0,0
2305811021,625455195,949069217,212751154,20553797,196900,1235,3746177852,0,0
1605635910,1016600250,707268568,197119126,20593795,174469,112,4169205050,0,0
1951338399,631624971,1316221628,223076585,25145185,220001,11575,2961588777,0,0
1606658008,582931356,1031055262,239444909,20476757,191409,78,3200856529,0,0
1631807732,1058244192,857742230,205731609,18329197,312357,10982,3864297097,64244384495,1
2352064448,680063720,1081594939,202582103,19852730,134101,562,3566756590,0,0
2256662685,1000834740,831316657,234917617,16600539,177726,5381,4658407821,41015410240,1
2005890725,971262636,869335816,158972536,25662009,235783,5074,4161054468,9295336118,1
1652108070,1179183854,1071393641,207748040,18214772,212788,56,3497761110,0,0
1190113646,1095326492,922289304,217964596,10603053,251650,1418,3747801449,0,0
2263622696,1157707423,856454265,250315164,20114537,248337,2041,4444819576,0,0
2605175621,1142178418,975638037,210666230,16353554,164479,26,3489670799,0,0
2470064487,915927754,1101027126,276073002,19076465,231094,5620,3324713874,0,0
1867154569,1511652209,1072285002,195848927,17787888,133684,0,3238572707,0,0
2144951122,680172701,687799312,180122329,22411428,190730,151,4091673083,0,0
2146618133,1104407955,1016120427,222626998,19552010,233836,1504,5059532554,138092230921,1
1940607864,861657241,926890608,163063662,21019779,196616,4554,3847352223,0,0
1740326632,997592259,723094900,216401463,21436320,257054,1798,4149928082,0,0
2301163480,679199222,1310390626,203579349,18344093,217691,437,3659507328,0,0
1827597026,987884011,776681475,204956900,21494916,217738,1050,4226153572,0,0
2236928272,683136561,851681293,240412029,12318227,210708,57,4784007931,0,0
1979009561,1162705597,914433469,221121755,13143655,171405,1992,3496477404,0,0
1728932376,991008273,1249673541,172757184,17981310,196240,24355,3899812818,0,0
1370618386,1310378133,1094287844,258920334,12235156,279817,231,3372005653,0,0
941266041,872351939,1091292920,168378220,24186604,162783,180,4059812235,0,0
1818861705,1098426027,1122698916,190061053,17298675,250979,19468,3564083771,0,0
1580412817,840890901,1094215181,247067412,16836594,251193,6011,3377561175,0,0
1993476030,894126269,834302361,183399122,15134056,216543,204,2975867436,0,0
2698833079,755062097,1406202729,197010764,24890774,118510,44,4171646986,0,0
2106152619,865690045,1029082905,205887350,10426578,203592,4084,4234872837,0,0
2486078508,679505153,1092961251,157237885,12559888,180802,527,3945000607,0,0
1830035538,819904265,1019290005,219057448,16357110,278808,184,3977000088,0,0
1902255055,1080475641,756538797,215317015,25490570,204477,591,2908354811,107169886086,0
2618765331,991251805,1016377533,231650028,24010523,236557,58,4428226961,4779437426,0
2315824277,817910474,1035823613,204844619,20326750,204595,0,3370023167,0,0
1918526277,966637167,1033219324,137493028,17055865,148161,3373,2977718361,0,0
1819272589,972139092,1104271471,222603062,22153033,177239,1182,3791854636,0,0
2428639796,1112829482,779957155,243553374,21088499,141371,29,3815613123,0,0
2251787471,967746548,1299536959,140673968,20787990,207487,375,3884906582,0,0
2091412050,1139205603,796676937,151113563,26752076,172358,1480,3655307650,0,0
2006091312,707346924,1064512520,179980270,14078130,138782,6605,4630138436,0,0
2137304332,1264705804,973711836,226312967,22889154,227923,109,4308145768,0,0
1972854027,995570642,987779276,176302028,19497548,195245,14214,4483874992,0,0
1978069135,804273993,801571045,229616451,16283148,285920,1229,3740416467,0,0
2480146405,1202409177,1405285297,179359142,28805975,166453,7436,3900583797,0,0
2031149550,956711087,1242520048,158777851,10730667,218087,0,2664550563,0,0
1421626953,968671685,892946163,225444484,19384221,169999,63,4123644643,0,0
1418699742,1098627943,1180336352,223757246,16522536,227719,6877,4495191414,0,0
2195344287,1189357196,783098798,181495650,16090540,219364,6,3034240009,0,0
2489651738,782274025,996424440,215722243,16305837,197058,470,3715657740,0,0
1912607863,1226629943,1334468208,167211994,15836089,207615,2,2920907366,0,0
2722567632,1021866411,1020363744,191311453,20455229,273621,10068,3930703255,0,0
2341832169,1009862351,1438298552,187426172,24629874,170802,418,3161251675,0,0
1978309333,1119189495,1156971977,171379552,23966197,194363,1447,3565869910,0,0
3020955541,1003469442,840412613,214646613,22063478,127335,975,3299542431,0,0
2697632145,810519326,1045541260,235341881,21460295,181147,118,4222727894,0,0
3271165044,656604081,1273316537,153376526,17976847,185370,509,4021022798,0,0
1973512551,1283426296,1003784901,198483987,23246472,128721,27,4157625899,0,0
2027192786,698303175,836618234,213980654,18629863,195324,0,2764127395,0,0
2490046943,753141249,908019005,208642810,17624832,186740,275,3358066311,124296135778,0
2475092417,1152186376,1311198387,178472191,23298735,234911,114,3580796128,0,0
2521304602,1496053357,1053545173,206804563,14291630,225276,3,3611627511,7912273230,0
2170677429,1071317091,555765925,177189229,23547161,176596,54,4730934827,0,0
2300133339,1020267917,900159247,188583124,17818958,186516,1639,4029052333,0,0
2399873442,948606121,695046296,157168777,14672263,199373,17,3689213061,0,0
2094198838,1061383534,470146474,189552767,17429284,209965,9,4052942697,0,0
1986377657,1183206312,1069052960,149317647,13749901,214333,2751,4000316207,0,0
1981474179,1050982363,821549614,203369989,19098170,184002,116,3509072401,0,0
1413924024,1068955312,965684780,270353217,19498376,195687,288,3994159598,0,0
2420926112,713705704,919276977,195862157,20559244,238296,1525,3426829911,44293751912,0
1674556264,1131456435,1269134334,236932223,22196599,211596,48,3414275413,0,0
2269493161,753456054,740142343,163502265,18708908,187123,4469,2592677934,0,0
1633480966,1066109712,876527096,227624894,20948273,179800,1821,5193904244,84706601232,1
2142386891,1108851696,862408356,197455059,25932341,179425,2364,3197464727,0,0
1756811926,1113838603,1271976828,227016361,15221503,183966,772,3347673829,0,0
2457233941,974468655,1061741524,194755019,21468184,252407,887,4249167560,0,0
2219623852,1082982862,808489117,263389062,20828218,151581,21,4019887416,0,0
2186952350,1249779794,676816355,251862417,14832814,223128,19,4276652962,0,0
2098202061,1203775341,635960890,252358729,22214310,190333,15,3934465209,0,0
2596755950,962131479,1024088055,240495206,21478969,250263,265,3312497742,0,0
2211120542,1067040243,954514710,183991706,14751861,172146,6926,4129567819,88300688945,0
1968717762,1247656143,1371980536,150320014,20987940,112413,582,2498865633,0,0
2231728290,928867193,864603974,217767478,20217423,244250,10630,3620074647,0,0
2223707943,1120387757,1051114944,177730697,22994676,175441,12647,3381256641,0,0
1609362661,632313576,1159626608,205238612,18953893,137080,254,4125993643,0,0
2237222378,1124449689,1008692614,155414969,13552187,184523,484,3740770504,66150862226,0
1366514568,855332578,1394418121,184434471,25569435,252002,156,3513911747,0,0
2356404333,1026763359,1308996309,199643871,12680787,153825,1012,3019957643,0,0
2168626870,1309928540,1232055971,171126686,22620868,232286,32,4257905941,0,0
1509471604,795504674,937259960,171304501,25666528,208609,9,4474288640,0,0
2109092037,1008167390,1023989275,189880193,14431875,183652,2044,3018258856,5014907306,0
1816451329,764699038,1200183810,239065649,16323906,269359,0,3510895291,0,0
2892083630,1056869118,805059582,166936855,28394467,181368,722,3339547074,0,0
2134188467,615765615,1078374095,182509745,23786678,154042,1601,3840253042,0,0
2313933149,602593978,984726479,207571912,24693565,142737,785,4446468348,0,0
2321472083,822492909,1183330615,185269975,22960892,182049,740,3721567625,0,0
1134914751,1237714085,793324050,241577166,21886078,191253,2870,4123388707,0,0
2020574454,944806202,993331681,143636758,26363247,244196,649,3357560585,0,0
1839945040,839691557,1226624902,246043200,18894881,206454,2306,4056067647,0,0
1711299926,1049554302,983349350,168185731,19172767,170858,17,4072506369,0,0
2248390269,1163035748,1075253272,170254424,21877994,202466,8706,3260689399,0,0
1543931063,1064424351,773250773,217661786,14260021,257224,29894,3681595353,0,0
2425301957,1118014095,1090156861,213242327,24760230,229829,47,2704591655,0,0
1952521082,962397057,654437519,219159111,26373920,189613,0,3626181326,0,0
2449608699,1168553583,989006196,170136952,18011310,216323,64,3897609282,0,0
1706323996,799926995,1213519920,179536382,13606496,242328,266,3834191667,0,0
2463093915,1058026734,1045824650,137299945,12284872,203437,2663,4549031875,0,0
2285106342,955140291,1071757993,228215173,24207239,152521,8997,3978803170,0,0
1843776292,1172044949,927574786,192507018,25085774,236824,602,2975901929,0,0
2059991704,1097976090,902460854,211658988,19692214,131634,6824,4095471599,0,0
2091178684,1414006227,1117476046,175360690,15381027,179957,1728,4451194235,0,0
2050729685,584081213,1103865416,158059459,24691788,208709,96,3359343343,0,0
2451074691,818612285,1076734435,210523914,19357302,189384,0,3700177581,0,0
1698192225,935124593,1124404591,219190607,20073571,163911,808,3724414313,0,0
1708926933,1085964586,1082999754,249794927,18221586,148212,8434,4551063042,0,0
1414141576,1098585767,954211266,227926216,20391727,238669,191,3808817210,0,0
1553401934,1038658210,953300203,200666297,21968057,213273,1114,3324958715,0,0
2264397368,1106986887,929047452,167919493,26490453,214688,2443,4097918913,81457827021,0
2370740369,721203045,1107869242,216936008,21641851,223959,744,3943556041,0,0
2160873135,626555404,1246474693,268415498,18182559,193353,1761,3818476351,0,0
2046412712,1082275550,1048860060,220221282,14595015,244747,11282,4299440403,0,0
2197237322,528323804,986471120,217514961,15325527,195444,9644,3397888079,0,0
1355934824,1088902898,914803096,189011305,14527508,237957,16,3735716789,0,0
1408599343,866873108,1058702978,238121260,23952213,297029,473,4898838284,0,0
2435347030,860234381,1015355074,185171721,25262293,248776,4017,3286545373,0,0
1279311849,888198900,1193713623,173346050,26097449,219644,4,3261547293,0,0
2450087720,1070979025,1077211225,259924503,23172649,176605,7098,4107691333,0,0
2444864671,990653816,1432688450,223212876,19916577,203413,1243,2911685091,0,0
2693897638,907851681,899095689,221227628,19020817,212003,174,2833882175,0,0
2030884781,1137444953,939315778,141672332,21211702,186860,11,3892654769,0,0
2038564388,1484999928,1043473493,144343238,13575791,206397,6370,3876416708,0,0
2085570683,1149129158,622251725,219983840,18673103,240364,3735,3916391193,0,0
2352880655,780437778,1023441740,229213734,19786855,157569,6786,4332001274,0,0
2379052596,941567769,1025061377,173751478,17659458,200842,91,3751435083,0,0
2147617508,842619365,1062977420,257873416,17643553,89097,1926,3822025298,5601313480,0
1408855082,921547361,1002424433,155380653,23282806,161116,77,4380408134,0,0
2293266569,894162879,1052572784,224386207,19484757,178307,1131,3772284672,0,0
1520558579,727512683,1039631550,232936589,16086085,203963,196,4533968290,10509871146,1
2034617933,789417021,773613720,177507802,18450599,196730,2305,3574699496,0,0
2258185415,668972783,1001461693,196048886,24887661,132309,17,3641779505,0,0
2093719086,860576343,936315583,196726436,25108913,257331,861,3449121480,0,0
1894252258,1247890323,1106744957,244872574,22364336,239406,5155,3902102424,0,0
1889059884,912663272,1129123730,224770325,20550424,130686,32,3831043170,100501008903,0
1925247600,1060254913,643392726,177749401,27963325,164108,0,5124185980,0,0
1591826128,1101096447,792458364,155593478,23221399,198365,2948,3952299900,0,0
1796785663,1124591057,863683774,153157595,17696899,202467,2008,3957225408,0,0
1961406540,570126321,988479223,180098130,22230578,223498,962,5136892009,0,0
2339718874,1124785068,681051036,265256046,23607622,207665,2415,3848130688,0,0
2535996259,1234244861,799944840,244646000,25015577,195168,651,3383528272,0,0
2387499342,732748671,1016146574,217493578,21792756,159382,29,2609815364,0,0
1986926095,884997581,641923471,236092910,18137631,154240,659,4101019889,0,0
1496631931,1301645854,1250752789,234988994,20597294,257506,1792,3454522213,88704445703,0
2428028166,1262084180,699928516,173130127,21230876,217911,3439,2994462666,0,0
1613782226,1077523300,1059495641,226401242,21355527,196067,1012,4159763244,0,0
2301613117,1250863993,790781509,205382445,17908684,237442,6,3401598008,0,0
2111032763,885329361,907481471,233328548,22547135,164713,2579,4396021499,0,0
2054070632,741153131,1436729786,215216670,26111557,194908,1849,4018252464,0,0
2284442878,974941906,1298200459,196046311,17413885,213929,272,3851974316,0,0
2399261079,718593397,1024558384,183982322,17877324,198089,1574,3461738013,0,0
2424582867,1200650978,1006855133,95160616,18164745,205329,370,4268506267,0,0
2182409199,724029184,631738064,226270235,18770091,242377,81,4470764405,37944612871,1
2284481087,1280211011,931540150,206901825,24443703,209153,2189,4421703693,0,0
1566255904,851120583,885981189,189521076,23651622,269873,855,3601484046,0,0
2111486636,814915590,868729973,197487086,15894666,136944,3200,3795112249,0,0
1447175807,1187888821,961437076,255617042,23162792,209600,6418,3037899485,0,0
1488391310,997867314,1320491431,164390005,16442110,138934,822,3931899454,0,0
1812366800,1048232427,947924132,218784642,20198328,164741,731,4086736287,0,0
2167098791,941679362,916746518,200106588,24877392,320212,4953,3375923813,12663455691,0
2601424712,1091695244,939062386,173523266,21805264,145964,754,2857573167,0,0
2086042574,816491213,1183655478,199156617,22971018,178579,114,3273402547,0,0
1273907400,1172414621,1532767739,235606582,15969808,230667,94,4001613510,0,0
1637360212,812901399,955415773,188938255,25082282,241703,93,3546296606,0,0
1284716273,1565187479,1293464249,235613893,17815531,217842,4717,4643427876,0,0
1912128775,1016461929,1080549819,175542689,19992226,230086,1895,3320890569,115421652823,0
2012827606,621773012,1087899800,184108988,12644566,183146,304,4034743707,0,0
2149897104,770762668,893544275,184474218,11985195,248040,59,2932675370,0,0
2023005540,1506443204,909515123,147225232,19327197,194301,959,3429062624,72443739835,0
1336037367,933640823,1215099092,316871154,19423734,220097,0,3891234173,0,0
1541679203,813375772,1140069974,251482832,17966777,263487,1503,3967304550,0,0
1579518617,944733354,1260903644,223264827,25722984,201251,290,3127486915,0,0
1857709650,1240725349,865421799,261855012,23044680,229864,6410,2916465178,0,0
2079376024,644865447,1154844637,155972556,19639308,243657,456,3858015113,0,0
1920982412,1036103214,1001187522,199538496,10862570,180020,8,4115812968,8856042941,0
1480024575,1235947048,1074608330,181657052,18903722,259134,76,3960548341,94265096852,0
1503698311,621052603,1157412365,176951897,14531374,192021,8,4445481168,0,0
2159682885,1326382491,1021970941,158701518,15181676,233118,888,3770575444,103617283179,0
2071249920,1095136666,974892576,207121764,14812279,203414,18,3509464487,3316991487,0
1784293954,866444627,1153490770,201670529,12212938,229828,2185,4754268881,0,0
2141599013,987267863,1111055685,294636732,25111580,269443,1437,3368757884,0,0
2054871638,930023438,932110999,221038117,19955210,174540,1216,3834945386,0,0
1658159776,1011014507,949433692,165412639,19503639,197966,7478,3456187102,0,0
1597450513,927169581,631175464,229991387,25011306,244441,6,4010827415,0,0
1729944904,682023119,821882996,248723091,18933302,231994,1718,4849179914,0,0
2324110489,902697262,1097225379,129525981,21408798,215400,1,4062974914,64324897756,0
2247837888,1228222747,878236135,209267215,22337869,184040,13,3517187794,0,0
2127868107,1112104896,1088663381,184271823,14002615,210390,429,3954857986,0,0
1694854794,904137806,852654215,215644188,22340193,297696,2,4470844683,0,0
2085863313,767449837,1158912410,136935412,20966522,159594,3134,3550389652,0,0
1995747639,636544765,1217474272,191335029,15597609,201169,9,3804349280,0,0
1781491313,1009713179,843041768,185260011,20809828,211132,247,3581782802,0,0
2114029668,774744276,1210912404,108972364,25991297,217798,174,3742370039,0,0
2254652566,899049302,1183806142,208104796,10749226,238624,661,4183344280,0,0
962962541,1144621241,706640079,243379117,24668894,227253,250,3835647606,0,0
1471614648,1039597115,1039679960,207100246,22517710,177630,426,4827331623,0,0
2355177065,859239874,1171438347,156804301,17092648,199861,2035,3090815037,0,0
1531533404,939985383,1361693988,184006439,21032184,218791,1724,4121206296,0,0
1659027406,1116364923,954877788,189598251,27082846,125217,129,3576291068,0,0
2568823098,831997647,995078741,129193253,26016588,199147,4,2851691504,0,0
1589092097,1214842094,929093075,252549594,18730444,229847,0,3957956159,0,0
1507773143,987609534,1184140381,221823725,19874363,270366,704,4073572314,0,0
2200845573,830675116,797289481,202014993,18578514,190446,18729,3620970038,0,0
1928898426,1192872279,1120659570,215521989,18769059,218277,2,3915925989,0,0
2425426359,657150853,756046337,253278183,21847074,232061,26,3788229020,0,0
2467044444,941131815,769411824,289080164,23098908,236860,686,3573069291,0,0
2813144828,1614172446,744255916,233808486,21419253,224602,2824,3458614172,0,0
1737950509,871371490,899605884,205689885,22640671,275462,6317,3620260728,10181218066,0
950260190,799002393,1078614744,190069313,25086182,201560,832,3783137905,0,0
1532477586,1331737825,1539463253,238453210,16713222,211108,747,3548338208,0,0
2040724525,1189942894,1147803807,187069678,16968345,156109,8905,4231059109,0,0
2113896716,1237948173,1044320404,264278362,17704074,200824,42,3299302761,0,0
3043990690,838749018,1163117502,143348172,21699364,237404,3350,3831804337,0,0
2233407088,639199336,918409430,216347441,14092108,211314,1,4045348764,0,0
1741916400,1102646469,991054926,203197177,21058753,138821,3384,3512998490,0,0
1987401262,868817492,533309533,198389546,21438092,203093,0,4203432771,131487047086,1
2181305631,1051742521,813148764,205287022,16095897,214783,2,4194980230,108594488672,0
1396311239,920780703,1100751414,156801376,25332537,235974,588,4251712905,9256103463,1
2150725138,774775009,1099089571,219875933,14993332,220399,0,3673066742,0,0
1676105176,1445977257,1285300185,184216918,25290958,137695,1827,3671038855,0,0
2542067540,1163358699,1257415398,186722487,18017420,196353,473,3680699123,0,0
1989117879,1109365716,1663465669,178338421,8163483,175923,1014,3455668311,0,0
2344440546,1193569138,1140810410,230327510,21060531,199435,286,4505613835,11295616034,0
1903368766,848744161,1116004397,235675324,17441600,203014,5634,3343922237,0,0
1800736277,705541616,768578669,274963217,16774130,186472,0,3489520387,116120268223,0
2967682339,1015868321,754911873,181656180,24307967,223388,4,3903367294,0,0
2383462529,968110662,988006888,198537376,14299556,162471,776,3395631136,0,0
1576309042,862679937,922482018,166815047,19480382,170671,13701,4058568473,0,0
1498537103,825707296,988279638,163070793,18160426,240980,1648,3314411688,0,0
2516434861,727260792,1134514774,195642515,15627490,196374,61,4025437336,0,0
2182935786,1240934457,1076820970,241683917,17795465,124038,69,3601474289,0,0
1518581889,855758021,1209932698,188448571,13599774,108919,707,4009932853,0,0
2259609511,1160701683,711715853,274579062,25425356,239752,4919,4253245479,0,0
1924929302,752410317,907982302,205960799,27552881,168858,320,3998097479,0,0
1980357021,1181986596,1114717286,186359075,18832346,226025,64,4605398206,0,0
1885776765,1201080103,977283776,233487368,25865258,239101,39,4860789784,0,0
2660986067,1336656006,881867243,187878209,16707984,233135,3232,3719014197,0,0
2719241813,1265249992,908102779,229453374,20968011,180364,924,3012779595,85900270920,0
1956361286,1103308396,866616274,189708156,22089621,278156,18,3873917922,0,0
1651307603,1316038701,1350565703,215833104,22512224,203283,11002,4003554681,0,0
1383040769,1442957109,1258860827,214774766,18754744,255031,228,3820027213,0,0
2109554727,1250310113,891090678,146028386,20774775,208952,2,3719948808,0,0
2364780867,1012704718,1153045217,218266807,20584499,206542,2,3513128714,0,0
1297557260,1034849607,1141246429,156019206,27381445,195934,31253,4215837971,0,0
1909936631,687664934,1230877408,196004268,18840312,207638,401,3602786098,0,0
2162711323,1318086187,866162198,164233722,15556331,248679,1288,3489940483,0,0
2015633333,1187092213,857708513,270241174,23404508,147392,1676,3276570766,0,0
1973403268,1100823209,1324301867,224152777,20884821,236123,351,3703312360,0,0
2142997369,1152408799,879696186,243389549,21425919,174888,892,4098749534,0,0
2604176377,978893070,923370395,220573556,19330581,154994,10,2443184338,0,0
1833734473,1039538156,650046238,209668329,24529912,199777,14097,3545309859,0,0
2292980806,862738932,453829973,95257401,22574690,202063,38,3216092245,0,0
1510939389,1546389259,1000050492,240394851,11844292,165043,1000,3888385331,0,0
2223729745,1255787610,700126777,229026606,24642757,225637,2759,2917569053,94353987706,0
2083449434,1277778664,1040654447,192067600,25894050,211895,6,3408214934,0,0
2098316948,1210779629,1121878391,269210706,21170901,209096,262,3971859616,0,0
1585697104,1462611793,945141842,251230886,16725274,149215,0,4057203360,0,0
2614326806,496758703,696865716,226445006,19364961,292418,408,3616096829,0,0
1807831832,976416717,1373029320,196155350,18932777,213234,1239,3729720248,0,0
1329347619,1127492555,1038570893,269094104,19084533,190449,130,3935376323,10893835582,1
2432996580,1095124073,936223859,226100199,25106164,218112,669,4566320147,0,0
2375936713,1123382759,1179475650,218030934,29071101,107785,319,3255983783,0,0
2549215264,1411926313,818579859,192111796,25023889,216453,47,4132895811,0,0
2054851972,1395426471,625693404,226941271,25946810,153308,627,3416959997,43245058056,0
2743082723,1218524528,798180772,193098984,24559208,240295,770,3510404650,0,0
1476380978,1054494859,1267067653,178358043,26297040,231936,3690,3987321839,0,0
1394995276,895011321,1226992763,149446848,20813502,239729,579,4212455766,0,0
2082029175,1189113384,1313552739,233831179,28776210,262682,244,4223484277,0,0
1792869489,792103721,1044656549,163524193,13887865,173656,175,3386094633,0,0
1929242800,952174438,966287661,162345520,19666573,171695,661,3022386437,0,0
1695122087,1292498752,1479585947,202817958,19865386,207143,7826,3084989826,103295772552,0
1612856456,648125200,1097771272,172493141,8417682,255946,386,3394827046,0,0
2115006399,1182555184,1384443762,257302624,18369755,216178,317,3019626912,0,0
2358242240,1071631756,1061686707,237632496,22959231,235432,772,3396486439,0,0
2285791977,728863648,1323112713,220553883,17983968,243057,141,3011266429,0,0
1631452687,1010205872,1088412560,217375692,18871470,236538,1961,3247109017,0,0
2525859208,1176115303,1051226487,234686099,15772447,172420,2067,3903212471,0,0
1881093874,1100165740,832777022,160643262,19274223,219207,35,3875358510,0,0
1927440035,1248413125,944569584,234677835,19593888,207158,1,4234662606,0,0
1386929845,1223042083,733412598,214861278,17846999,244558,6447,2984690608,0,0
1580290354,973071933,1086568326,233047323,21523472,175847,281,3661074866,0,0
1881771232,1296245503,831196989,159516360,15622811,105915,190,3866481009,0,0
1167251002,1057012768,803740598,113116023,21472631,214387,1141,3345961550,0,0
1624055786,849371287,1018925758,206958646,16207418,155735,2516,4077881849,0,0
2377656343,873865867,843919995,241790959,26626413,219574,32850,4341467053,0,0
2194260520,673077139,1274687425,258887888,26282204,233801,2464,3798536664,0,0
2312719660,1050983406,701139262,229552311,24951618,225050,588,3997255500,0,0
1910578033,1208560825,1014855346,265926868,15335135,165267,1330,3784942087,0,0
2166162348,880855904,1222199195,216951353,21192999,122793,1246,4264690957,0,0
1973046311,1182549098,769216115,198983072,18070923,193781,218,3939932339,0,0
1504481955,989435201,853167740,159733163,18890731,155616,37594,4472865691,53729982810,1
1626003840,996235277,600393819,194693921,18074740,187955,8494,3928574846,0,0
2028568419,1116330572,1082070424,167947801,13050164,207441,50,3249620747,0,0
2154557679,1163724844,937494436,249499499,18567297,164308,13,3465859041,0,0
2027809492,1071213484,935235307,196842551,25311855,147936,21432,3814180428,0,0
2249765900,770105635,777605741,175156782,20067462,182480,259,3594537988,0,0
2158554670,1054117316,681895109,167436731,23406898,128227,12,2792651217,0,0
1430947082,1135093548,1274146917,236980025,23968774,192631,553,4151282693,0,0
1629666980,859125452,1017370642,236664622,20495651,203876,1388,3777335584,0,0
1960644125,956337971,925204569,195172499,14443598,246953,13861,3695095880,0,0
2302441151,843497999,1122853961,183917061,16293822,163242,8,3497361494,0,0
2362848082,482448431,1061645239,212051159,20619739,233146,1166,3439949999,0,0
2249800765,1303268661,989515458,167761529,22658171,170223,726,4658067134,0,0
1134224086,1374216152,653665729,138425145,23674662,222236,1149,4101819754,0,0
2236126446,1200403586,1158403697,198809036,24079521,247237,1860,4068586319,0,0
1858500419,894185569,988871008,215313262,19781419,183963,1,4326868199,0,0
2061628218,1036905532,1392606800,221645705,15483234,191851,411,4046678035,0,0
1587128316,870492502,827778476,272950940,17766506,106742,739,2802367459,0,0
2003584330,926383845,711331599,267593499,22142029,167389,673,4390192980,0,0
3082055132,993456720,872419806,210886937,16502249,157677,198,3446790088,0,0
2428465631,887360664,1397732772,146540605,19116842,172314,4015,3443272892,0,0
1853547273,1188561469,1224722818,228937225,24279541,121212,60,3579934998,0,0
2287255896,1189115076,936383734,224156844,17156496,134646,616,3834551067,0,0
1465987769,1078754224,680531727,152700711,26686803,220360,1929,4471116398,0,0
2473876110,1136329656,784021551,228182088,20699237,207001,654,3482448250,0,0
2182720267,1103769454,1325194997,198912523,20948546,230858,5884,4123595040,102435576615,0
2119706098,989319347,949828523,274541928,18909017,181361,4452,3351098570,78487662368,0
1992458322,1005179990,1172814962,203839376,11265685,187389,1295,4096881655,0,0
1622480361,1068566630,1069340056,194896847,15817649,154753,826,3276900966,0,0
2183031127,983347047,935140318,253447773,13640792,233107,683,3639319358,0,0
1633152118,1252034413,1208120019,204559300,20218162,231067,3086,3335797612,0,0
2006370895,1065800835,1070051544,184962008,18433344,172316,1057,4630739226,0,0
1609542759,880152049,1295270758,216026053,11263082,306079,341,2871314478,0,0
2642205654,1215231397,1311373326,253896296,15797883,215813,10995,3604110940,0,0
1548092387,968294627,941550447,171742971,24225348,238910,511,3873046249,0,0
1977744271,959301748,1153369309,215956948,16584887,213866,30,4103776323,53518643628,0
2498782129,1074280236,830086862,243667508,19398735,202952,3258,4050250430,0,0
1346095877,1100250174,719975893,164404262,20824096,221993,0,3201738043,3511251844,0
1340806891,803873795,689994108,182044454,17584693,166017,24,3711822521,7381765886,1
1707739699,1131934545,1417615194,212725677,17388337,204410,553,3635996024,0,0
2175635001,1003330317,976002104,187743738,15520594,212466,20282,3550916128,0,0
1900205041,964041302,990193475,152599279,18596733,221909,1251,3894527352,0,0
1987190616,1354466635,1254628465,136515396,22610652,179050,11255,4603042504,13712611584,0
2623289426,1161653049,921973111,228805492,19861761,228817,17,3581144512,127443186875,0
2156574249,789111389,1010120131,245416964,19487613,218793,625,4037262659,0,0
2398750187,1057737808,921548195,156536192,24523918,164353,1509,3974153919,0,0
1755920697,1092279855,913705464,157534302,19038704,206960,414,2095078335,0,0
1841990090,1077305364,1149597821,213110557,16583075,168894,695,4027538776,0,0
2410884169,912668522,1126688958,128677322,20558685,210951,155,3644761601,0,0
2053060498,869861444,880385327,214800250,16991294,209718,1,3918414663,0,0
1360928545,1044384895,1275763195,259862602,23582152,209563,9,2649530530,0,0
1782451411,900546033,687643680,199042117,20647800,212454,119,2635146717,0,0
2168084513,1109194993,1196152891,181809808,17817969,198790,1424,4143100267,0,0
1852300204,947207196,881202836,223715521,17367624,178851,478,3217333739,0,0
1712244108,1131040270,1076458845,256943809,12612469,178377,359,3830407455,0,0
1928664207,720126339,825655788,304856933,14366277,172816,550,3309849479,0,0
2617989156,651065337,1140660560,165666106,19763190,149388,0,3336980423,0,0
1942988259,1208441791,686298559,147036890,15247583,203318,1109,3743753402,0,0
1794940564,734623200,887757746,199835329,25156704,208851,9107,3772470650,125104933107,1
2300822755,1177093540,1024924997,203544775,13697807,232960,249,4440798721,0,0
2212852451,1094550655,804592795,237764869,18207703,231550,0,3404469262,78203428260,0
2229549123,1128191888,1089566548,202062037,24627432,218168,23,3440252626,0,0
2119537836,900790470,921141192,211360045,22254206,155673,162,3312828291,0,0
1520677735,1012803481,826728238,215585591,22167494,225784,718,3365407494,0,0
1805659936,1052372735,922758150,226576805,25230980,199774,509,4543909111,0,0
2183578186,694008704,1194387622,208249388,23134050,195947,4243,3251267108,0,0
1722972460,732103969,765551714,204018147,15492829,203634,448,3603274894,8873858423,1
2034213713,1138844657,831382808,234318186,13345955,181344,4317,3461012235,0,0
1622666445,863480591,952365631,206036890,15570867,224182,516,4043246856,11489695575,1
1868966460,998739500,588238633,221158279,19265333,135950,1426,3658811670,112644755284,0
2242358701,1124842588,654760518,194012499,18111172,176930,473,3229503830,0,0
1647713310,761701111,1228353457,208629805,21771262,184169,98,3716654421,0,0
2054038072,953806011,1239268822,199222855,16269540,156272,303,4051397536,0,0
2266319838,1014624110,1024193355,202480112,19166369,203330,0,4292736656,0,0
1630139245,1048408288,734612657,196064311,20085834,260354,98,3525578244,0,0
2113437847,1015842885,1141828049,218782634,19327455,195464,35,4243163126,0,0
2348642730,1147308491,1460329965,212047306,17145136,131211,1025,3753184945,0,0
1868921261,1127208435,712739205,272535657,20790640,216795,6032,3676470394,0,0
1674891283,1234808624,1076879089,201443957,19424032,134275,131,3519998313,10195230735,0
1692891302,1061735476,923380040,171925946,19457505,263098,870,4605732973,0,0
1941798979,858408994,1334499378,270157980,20777791,193813,1620,4675073507,0,0
2158578622,1101451428,1102647963,117004507,26086272,205118,31,3838791619,114513738964,0
1604778767,1125005886,789831454,249319423,24297067,198008,9101,4689327768,0,0
2674374077,832905591,1269598387,233021038,20694673,198620,90,3574377501,0,0
2707343194,813516624,864812573,242812782,23713045,178137,521,3902807594,0,0
1896743599,677838882,1572014529,153830226,22755107,259505,524,3558491279,0,0
1603821062,1066404199,1062532288,232528076,16465694,236179,9,3746096721,0,0
939006651,931315512,782572013,220843467,29959904,186314,1539,3506297716,0,0
2129572347,1333448169,1240379965,190203057,18861566,223905,334,3580264498,0,0
2530327907,1233703692,951529821,195826521,25343115,188932,1,3577819931,0,0
2246866112,1167257722,1037398412,202232338,22435346,191262,832,3543389442,0,0
2578728157,1229192006,1207647877,204302202,24434593,159400,2550,4022141271,0,0
2408534754,1111058382,941730254,234422401,25900586,211424,258,4543019655,0,0
2590821700,900230535,1270621305,162645372,13707340,222235,275,3488642993,0,0
2343426624,1314419243,1032787852,145503063,20947771,246353,10,4419793085,0,0
1692307986,1283901109,850845737,219657569,24447058,229148,408,3907435388,0,0
2187247893,827785934,1246707032,162236920,23307869,237421,1626,3588942502,0,0
2079863124,1190882946,810275321,168940413,19316297,174816,8106,2761835484,0,0
1512849577,830301932,724614189,177173089,20055629,258337,1075,4191139321,0,0
1992880046,927702903,810624593,193426631,23099849,222658,3055,3527350782,0,0
1911455895,890762990,1081422799,220647059,21468862,189378,249,3193072381,0,0
1721187844,971534214,1351848897,181510588,27357923,233792,888,3912341451,0,0
1854985349,1172187768,845303582,255265786,16499653,159817,0,4066867200,0,0
2186511980,1195460268,653732752,261406760,13005924,226511,1,2706158004,0,0
2238951370,941745797,1150930158,264042788,22834659,215118,2860,3744735455,0,0
1563484178,1154623221,972431402,248770489,19942746,208480,10172,4046956114,0,0
2085657491,971367770,972036389,172754494,18260212,174643,218,3956997836,0,0
2088243655,1278272417,979024048,145088688,24812664,186845,1716,3661274188,0,0
2088074743,830176308,1133314769,252613478,16580745,182753,0,2988188503,0,0
1841067951,776736719,846270624,149671269,17257133,257735,2211,3423234809,0,0
2292126259,888964161,827032104,182123064,22285127,155026,1643,3806452379,0,0
1803819890,1226818201,625042254,192969681,16767084,179022,38,4214450554,0,0
1702975599,1010755456,878893732,182167399,16897738,185498,352,3722853533,0,0
1612649301,994283436,992851653,266537874,17965146,172643,228,3178794510,0,0
1758404839,1134088031,929086488,182720445,16090479,169179,1360,3852633200,0,0
2400392798,890645400,1040021333,193006255,17481533,202223,414,3879461150,0,0
1976316305,817616713,1229543528,133099162,18203195,196241,13001,3825739619,0,0
1932863444,967039678,741892901,246472089,20147321,274673,0,4431754120,0,0
2394660022,1028175551,843783458,182015348,21640393,220015,3725,4001894114,0,0
2119338695,876558094,1087398798,238776296,22241244,107464,10577,2846330301,0,0
1147910093,1211907575,453800618,238309354,19318570,167095,259,3847988437,0,0
2754134239,913734592,969495463,141295173,16181294,191568,686,3538579717,0,0
1866504774,764120124,1029169882,208031017,35681583,176125,10,4078610214,0,0
1399933526,895159981,1021046609,186096755,23526820,221335,275,4530665928,0,0
1833782135,1010287879,904335496,146334394,17823013,281497,40,3672861967,112387749116,0
2097386647,1122253360,691684578,225816840,20319483,284822,1403,4084680746,0,0
1677998541,1063541965,1071593043,251975879,29674013,138210,41,3826114687,0,0
2102131068,1116117380,670848496,162427611,26981259,262051,3056,3263397123,110360078378,0
2210675064,776886925,1184890792,204446105,22166496,262915,4467,4030450575,0,0
2299359291,785883273,973067828,130024597,15081100,249238,821,2780657061,106349518303,0
1788749763,1114851328,992807103,177301585,20689474,181423,673,4580439096,123974206113,1
2396655330,717432209,771193807,236514924,18475704,224713,1561,4029861019,0,0
2784082116,758409178,1243830053,209142973,15109937,284824,194,3611732977,0,0
2368831519,984129867,964141694,229837738,21102103,210949,1016,3556901985,0,0
1946872116,1180729891,861819982,193753891,16209568,211314,12,2780832709,0,0
1700655326,1529740995,1018325946,271175235,17993810,215569,2,3230182342,0,0
2862502794,1044303041,934902301,197306713,22590367,181345,191,4369256208,0,0
1640065633,626893464,909602483,188196996,20716259,224376,6577,3949493308,39373757898,1
2009914660,699268502,1068770117,187416243,17170085,144101,1347,4239450947,0,0
2427010717,1159904828,771143557,229223481,20817355,189144,24,4379375633,0,0
2061168900,897666515,971584956,218927294,24371485,151611,93,3424149391,0,0
1910889000,672568080,723689298,188558496,14569558,161663,345,3649497137,0,0
1962154611,712075807,1010901182,239055815,20723047,154715,4077,4244316444,87245395562,1
1618609148,897835739,1055932607,160557062,24089981,166119,79,3055595729,0,0
2036121211,781735630,1133858855,267632231,12789215,223160,22250,3173541009,0,0
2658360682,913145679,686313654,187100796,20014751,211772,25,4066666179,0,0
1724434453,902733746,602810589,200684722,22753720,168742,5283,4359995172,0,0
2736867573,968812418,660465467,117360897,23894174,241060,1010,3848948250,0,0
2330622746,1125699487,1262852819,235719029,16809921,96793,59,3594548767,0,0
2264726092,1088823839,1166749874,180111144,24817786,284699,211,3717706755,0,0
2170163080,1198392325,865673098,165726571,24149409,231182,10,3919262821,0,0
1387388893,1135873411,1194532518,175956424,22995870,202275,40,3565799364,0,0
2299076881,1180299205,1056434898,251730056,15086941,188327,1,4557397347,0,0
2051393459,1276123218,1068707197,274851432,22103609,104730,15,3792283298,0,0
1596120141,1097952853,996901033,261066300,14614261,185294,1854,3663273580,0,0
1987077666,1044800389,933569396,236490973,19789629,150012,325,3757029237,0,0
1968550824,1086138011,906394907,191749946,21245392,255588,5607,3173743140,0,0
2370524316,683143771,916128166,213067285,19901107,148373,3839,3255811390,0,0
1857839035,979631698,1059443802,190049387,22599424,199326,17236,3324201560,60129661145,0
2591821950,745329977,841273639,182752288,16894343,266815,0,2990903849,0,0
2112336184,868993461,1106178997,264884208,25863925,271701,121,3705698013,4961597205,0
1935995066,871314309,1279275206,289623996,19521629,187384,2749,4024366501,0,0
2604061764,1110476823,1076860899,181460079,21292495,192878,1136,3750399287,0,0
1912646550,692544198,782548969,204126521,21273593,257729,15279,3426329019,4654059959,0
1447171783,1147201986,1182714346,271833850,12987053,198597,158,4283326216,0,0
2045880498,751657285,1085879455,177375530,21550119,248831,958,4201961719,0,0
1824817908,751953507,1243924692,120039958,24562052,180702,0,4088981922,0,0
2019546764,1026879570,992619515,132776126,17670906,98484,6766,3304454089,0,0
1876051805,849734574,1142277787,148510599,20087772,207041,127,3478391039,0,0
1679787301,1211454109,852274074,245030319,15189938,151716,12,2727802009,9004200044,0
2355529868,1123258547,1044434980,218715949,23730225,116458,26,3994283640,0,0
1872330287,1070033386,1167880468,154696335,16465687,218818,202,3911704592,0,0
1947244823,840479787,1190917956,177187146,22818490,147195,5803,2909157708,0,0
1630025579,1262736512,628727971,220713344,22148759,207317,104,4146662104,0,0
1430764878,716711002,725199250,118321879,28022693,171924,283,4489615171,0,0
1630013093,1243024000,936486823,216825149,21517816,171662,0,3851966206,7936257217,0
1752838697,959835066,746192074,167421387,20298881,213882,122,3877240095,0,0
1944539088,1068109609,1022820290,178976399,13450280,169321,791,4179201978,0,0
1860098515,1452717398,1177128902,236505337,14112355,181403,3836,4178844558,0,0
1791659408,1074917452,1091987744,206821827,20600129,169676,7553,3992443814,0,0
2451308130,877661322,773043101,195145042,18071190,176465,3355,3737179322,0,0
2200567314,729009424,1000181790,183456831,26411197,193590,368,4400396611,0,0
2566916906,1057486069,1033794512,191459854,14885490,250587,7,3765735940,0,0
2025127270,1133332239,1244707914,209595965,18215123,192607,2863,3870451102,0,0
2247344161,1142588272,1039134587,130034137,14251310,221295,149,3506139980,93127010361,0
2069290307,1120586513,902896632,209695822,24723183,266077,1071,2643126573,0,0
1825437197,780168339,1220961672,147165118,17909425,237962,33,3596594301,0,0
2480455504,1298181348,1167597131,215734912,17762352,221629,165,3615084449,0,0
1668953546,1172018569,1139641749,281447510,14081766,230266,51,3724669930,0,0
1911037656,690402882,1159090759,263646166,26426263,244001,2649,3487591813,10318599607,0
1875829726,1069085988,1071913816,223476512,22365446,222142,2495,3257732156,0,0
2250388134,923555275,1139094104,148884664,20365533,135750,909,3902681646,0,0
1808762625,996370874,927984530,227294405,18294695,195760,154,3601809016,0,0
2283504279,996833233,1061610790,258452410,19911928,152988,5115,3324442704,0,0
2062416937,1038390775,1017368362,181754680,20363350,155008,647,3456503852,0,0
1851049039,1227882819,1420088144,204670586,20355896,152468,3,3421122673,0,0
2157576517,1083951616,944797972,207542240,13029394,175052,0,3051066703,0,0
2378172938,1043152601,1010214673,234524125,20082091,194038,3363,3941635703,0,0
1410917952,728859168,1017521008,127750037,26372684,220990,14634,4228800225,0,0
1887451813,917455905,793754175,176532007,25391981,242778,835,3724387715,57156670232,0
2118802174,1023154637,1063052483,151718819,15301212,241608,931,3687363475,0,0
2839551178,733617854,1099213846,202945044,16652314,318055,772,4400171838,0,0
2303401408,1032398320,1014508773,256227798,13066595,156317,10891,4274992564,0,0
2156318008,888906056,619785945,205143335,18590530,156827,115,3786598091,0,0
2021710008,1024411041,676344560,188775476,13848737,185677,73,2592853680,0,0
1471330781,1012519056,952309978,179813915,24481301,157607,188,3916431665,8767571486,1
2030521275,985451631,1172188172,116568781,19395572,223409,1931,2955074649,0,0
2244841468,881511050,1130551439,195417621,18704620,169832,3247,4058083803,0,0
1109870481,1539729775,689150832,135355042,20760756,174798,633,3908746154,0,0
1732259157,909231775,1387030729,157216246,26397816,179183,5262,3183854750,0,0
1648260528,792407894,1343108040,193827836,17998145,184884,106,3647237783,10143786138,0
1945370212,723899718,1207896662,130133101,23849435,235276,0,3967365523,0,0
2103020227,813422241,1096390028,188168634,12833779,223794,1064,4637315086,0,0
2013124260,740893266,811876737,202567801,24119344,258008,774,4128673601,75392040482,1
1655675186,1285740053,1276787112,238603221,18622444,129326,2927,3152464882,0,0
2146831509,949400151,1137584851,201055336,12836891,184616,483,3323573363,0,0
2412944390,762361676,1083482636,186048656,23314676,216975,2054,2337089911,0,0
1467846914,981425011,1281350408,133392879,23027590,208044,4,3945467249,0,0
1510871040,1039362225,964979195,210105383,11733422,227596,12,4312592833,0,0
1779607987,1143818803,890979331,168926249,16244893,243435,3,2931118854,0,0
1507800341,1226145441,1117165677,194033129,24190718,203036,0,3367250114,0,0
1507333313,980706988,1050587344,173215939,20293674,261739,2926,4584341641,69846424835,1
1777798299,763779544,926763502,254802275,17302552,218929,3,3998176721,0,0
1825039297,680239762,773517621,166677604,15671532,149294,274,3605326848,4862933410,1
1850412926,791188822,682210844,320136243,17355767,194071,5604,4092339592,0,0
2067386504,1313144778,913362068,165278352,18243843,230696,10193,3925116033,0,0
2080924158,1318846468,784144712,193429364,21603059,185476,19003,3604758488,0,0
1592531355,1457186306,1331451484,216583055,18349681,265385,8,3760143378,0,0
2239682360,717229171,919687204,165775918,21245258,197208,18968,3712976523,0,0
2889137407,785395763,1036246743,134289581,23598617,131428,249,3593801292,0,0
1777119707,895128751,880415585,193241545,20753157,189084,62,3287555558,0,0
2445440919,995195410,1078970997,185308452,19291784,203793,1205,3753478526,0,0
1758869022,1460024654,1277048355,233589309,23840201,171983,0,4184349599,0,0
1530138209,899078884,1107426101,203519198,17593124,244491,118,3616723955,0,0
1905087506,823016446,1003200828,195218010,20100490,267936,1842,3739205185,0,0
2333622042,1110095948,573416535,184916645,17692427,134718,905,4573025877,38928796387,1
1416902336,1188385858,988353640,228297772,19674512,251385,1426,3554732132,0,0
1669192012,1162080906,1232972500,240492301,26530907,200844,41,4327943394,0,0
1844987280,831651019,832759710,228374205,16886770,199198,11903,3642277646,51364236594,0
1657179704,1059367230,631487873,181424192,22111511,149186,1,3359585758,0,0
1540551545,1118870064,826050527,210653992,20726996,133614,274,3608221227,0,0
2083971056,1147468153,1156705299,182760115,24083619,229746,1,3485809580,0,0
2092132616,953131199,1151161572,206661572,22694138,265713,1,3823287898,0,0
2411509495,1080300600,1176895579,171117654,21151922,168586,446,4470986475,96936683076,0
2962496649,741374460,1031277598,124228119,24416047,117962,20,3687441602,0,0
2198146406,1152600698,662648430,213464205,20191000,155996,4460,4630564380,0,0
1738450123,808277121,685147052,272725090,20739728,144611,6866,3092574816,83279711646,0
1652057628,1211098113,1154642079,201022456,21372426,240131,776,2781745650,0,0
1756337226,973543139,991469556,244726075,23397211,121684,11918,4311862829,0,0
2531316468,1105599000,1217844698,239363340,19537481,177202,132,4324988810,78503207430,0
1881293785,744559983,853809696,210043034,20622295,139380,14096,3798350872,0,0
2215932540,1317827107,1144693816,146504028,21869882,236290,1401,3737070143,0,0
1974971568,796455777,833745533,174611007,16426000,215322,1179,3868523051,0,0
1916275635,996219901,1008398382,162397279,21123436,196781,1522,3238133128,0,0
2037108590,1247239994,1137696525,225076832,20574133,221954,1723,3995278849,0,0
1509406390,1084205692,957983154,194810288,22684764,254437,646,4439074246,0,0
1720532309,1097536474,914062272,188395644,23126565,176945,0,3296357432,0,0
2172095038,958241437,922155808,174196940,25364679,208678,308,3665047179,0,0
2619958262,1025383025,1102773695,254258249,26673852,185751,1550,3701628845,0,0
1608599713,782692483,911479488,190496975,24881738,212157,4751,3161044415,0,0
2150170468,904751604,1125028923,232152123,14124927,140816,3,2953792246,0,0
2515280015,1179277609,895272710,205617007,15424429,169827,458,3732724891,0,0
1678907575,1415707051,828908474,171712968,28687912,221165,106,3213352203,0,0
1006191758,985171713,930201821,218021223,22287427,186162,615,4087510664,0,0
2231116023,948295585,1497446172,182323877,16594985,234258,2379,3916465901,0,0
2050806593,840558926,1139563691,224185405,17605061,251716,4,3496371130,0,0
1968491850,990603304,660010283,248337043,12804028,144536,76,4352598168,0,0
2165417755,1209958255,923813470,176373594,24542836,216535,723,3859094849,5679615218,0
1989914345,933002991,961363842,203061126,19802754,136456,694,3496729982,0,0
1338599481,1127083635,818462696,166254154,17354854,252529,511,3993005572,70199322253,1
1951839544,907380292,1074907053,209715484,23448359,189626,713,3550227709,0,0
2145654548,876648391,804320424,288068970,14161389,135591,8627,3552081030,0,0
2536871215,1088857193,1277285640,235993704,26002209,206669,0,4281250265,0,0
2155379306,1307123410,1070456655,183896946,16194758,146105,2553,4344704654,46400220217,0
1667808458,946280748,1123079102,64900862,17259560,193857,890,3701997092,0,0
1466920242,1249523120,568407468,231869332,12668405,190663,2,3800085431,0,0
1743651406,923075609,1317741117,221198455,25093809,145735,734,3589660309,0,0
2023124860,1012394433,684655059,211676306,13332001,204002,6607,3776991594,0,0
2234721687,1155038532,1615381581,159961615,24631047,216271,2166,3058849021,0,0
1778729215,1280346102,907746530,174624502,19273083,224628,53,3431932053,0,0
1701157404,1002921327,696028017,243310841,21554487,182789,3359,4707358000,0,0
2397733098,1175656206,1077814378,177191344,23224992,225744,46,3628450984,0,0
1936333773,1087330993,580977768,210490207,20607322,246474,360,3751060581,0,0
806536164,1021163740,766830888,184769507,23337083,231230,3488,3975197035,11072670618,1
1712797896,1176802894,916278418,171797081,20364089,236080,19,3404799416,0,0
2023075456,1163746679,810103883,174928100,20210753,256070,1332,3299792024,0,0
1845560176,1075450444,869217809,209926902,17852834,208200,262,3825048085,0,0
1874756271,830690133,856311018,194266585,17356947,238142,112,3486150838,0,0
1842562884,953716162,1302615906,199092722,17792367,219987,0,3726174917,5290270825,0
2167179299,1175465007,1030292436,218042123,20297507,233757,819,4369766649,0,0
2117853994,692087028,842913295,213823277,15999426,225132,31,4157854033,0,0
2783836020,1101397738,1010688200,215282418,22543412,184063,233,4476941269,0,0
2215138360,811855847,1074196820,221511050,18165887,160075,49,3687628798,60750186426,0
2057826922,548273792,1033757973,179970827,19955579,139884,18,3940947372,0,0
1365387097,1135796273,840730811,166789987,12905475,293282,764,3059747079,119335429493,0
2284602949,1227064574,1159909572,166399743,27622200,224219,307,3443882644,54512053429,0
745189074,1030617905,1240620280,214033125,19680186,205789,88,3448840385,0,0
2198832519,1291324486,849819972,157682523,19842849,197170,165,4050833222,0,0
2809223905,1081677333,994480096,271738881,17966036,163780,11626,4412391063,0,0
2166485484,803716247,716928047,165688071,20250817,192119,505,3256528264,0,0
1769153162,1048695185,872185608,227980511,24328219,158904,1717,3380660910,0,0
1744570981,905183554,727057112,219092605,19479981,227658,3190,4167435114,0,0
2022197346,914134600,838076989,175794711,17203829,162090,727,4240254219,0,0
2209001326,1017838089,969737993,213575452,21300065,280465,27,1982679661,0,0
2489902290,735606025,954007521,225659678,24569007,226976,2718,3738391323,0,0
1937921915,747218767,891738450,182219551,22517709,216559,1369,4611183210,0,0
